"","tipo","carro","tempo","link_yt","data_publicacao","duracao_video_min","views","likes","dislikes","url_thumbnail","data_captura"
"1","Originais","Porsche 918 Spyder",54.633,"https://www.youtube.com/watch?v=b04sZb-bkOc","30/05/2016",0.25,2647315,85379,625,"https://i.ytimg.com/vi/b04sZb-bkOc/maxresdefault.jpg","29/08/2020"
"2","Originais","Mercedes-AMG GT R",58.157,"https://www.youtube.com/watch?v=BB3y1wO6g3g","9/07/2018",0.25,611513,44670,203,"https://i.ytimg.com/vi/BB3y1wO6g3g/maxresdefault.jpg","29/08/2020"
"3","Originais","Porsche 911 Turbo",58.211,"https://www.youtube.com/watch?v=g9s6WEqP2XI","25/11/2014",0.25,1117259,20213,158,"https://i.ytimg.com/vi/g9s6WEqP2XI/maxresdefault.jpg","29/08/2020"
"4","Originais","Porsche 911 Carrera S (992)",58.753,"https://www.youtube.com/watch?v=Bu5oBQ3ko5I","17/02/2020",13.58,286498,23372,191,"https://i.ytimg.com/vi/Bu5oBQ3ko5I/maxresdefault.jpg","29/08/2020"
"5","Originais","Audi R8 V10 Plus 2018",58.774,"https://www.youtube.com/watch?v=Z3xoi-hhe0o","30/04/2018",0.25,448830,34922,143,"https://i.ytimg.com/vi/Z3xoi-hhe0o/maxresdefault.jpg","29/08/2020"
"6","Originais","Porsche 911 GT2",59.008,"https://www.youtube.com/watch?v=fb4zEY9H3ig","27/07/2015",0.25,966510,29471,159,"https://i.ytimg.com/vi/fb4zEY9H3ig/maxresdefault.jpg","29/08/2020"
"7","Originais","Porsche 718 Boxster GTS",59.235,"https://www.youtube.com/watch?v=L3fYUlywXyQ","1/10/2018",0.25,141681,13014,55,"https://i.ytimg.com/vi/L3fYUlywXyQ/maxresdefault.jpg","29/08/2020"
"8","Originais","Porsche 911 GTS",59.423,"https://www.youtube.com/watch?v=dVXjD7kSa5E","23/04/2018",0.25,269141,25184,219,"https://i.ytimg.com/vi/dVXjD7kSa5E/maxresdefault.jpg","29/08/2020"
"9","Originais","Mercedes-AMG GT S",59.916,"https://www.youtube.com/watch?v=rBL24F00lBg","7/11/2016",0.25,746032,22388,154,"https://i.ytimg.com/vi/rBL24F00lBg/maxresdefault.jpg","29/08/2020"
"10","Originais","Porsche Panamera Turbo",60.232,"https://www.youtube.com/watch?v=zg75R3fByMU","17/09/2018",0.25,227200,19013,227,"https://i.ytimg.com/vi/zg75R3fByMU/maxresdefault.jpg","29/08/2020"
"11","Originais","Jaguar F-Type SVR",60.411,"https://www.youtube.com/watch?v=MtR6kox6JpE","14/08/2017",0.25,479910,38917,189,"https://i.ytimg.com/vi/MtR6kox6JpE/maxresdefault.jpg","29/08/2020"
"12","Originais","BMW M5",60.935,"https://www.youtube.com/watch?v=zg75R3fByMU","17/09/2018",0.25,227200,19013,227,"https://i.ytimg.com/vi/zg75R3fByMU/maxresdefault.jpg","29/08/2020"
"13","Originais","Audi R8 V10 Plus",60.975,"https://www.youtube.com/watch?v=F6NFcbvCd20","30/03/2015",0.1,761895,14205,127,"https://i.ytimg.com/vi/F6NFcbvCd20/maxresdefault.jpg","29/08/2020"
"14","Originais","Porsche 718 Boxster",61.093,"https://www.youtube.com/watch?v=9atesFt6hRI","29/08/2016",0.25,2318446,88794,1269,"https://i.ytimg.com/vi/9atesFt6hRI/maxresdefault.jpg","29/08/2020"
"15","Originais","Audi TT RS",61.325,"https://www.youtube.com/watch?v=mDkLiPWOt9Y","4/06/2018",0.25,455276,33652,172,"https://i.ytimg.com/vi/mDkLiPWOt9Y/maxresdefault.jpg","29/08/2020"
"16","Originais","Mercedes-AMG S 63 Coupé",61.463,"https://www.youtube.com/watch?v=6k2kc2LEDoE","5/09/2016",0.25,697555,21166,150,"https://i.ytimg.com/vi/6k2kc2LEDoE/maxresdefault.jpg","29/08/2020"
"17","Originais","Audi RS6",61.594,"https://www.youtube.com/watch?v=swkVwGBwQe8","29/02/2016",0.25,879060,21450,215,"https://i.ytimg.com/vi/swkVwGBwQe8/maxresdefault.jpg","29/08/2020"
"18","Originais","Jaguar F-Type R",61.78,"https://www.youtube.com/watch?v=CFOvnblNq_A","2/09/2014",0.25,534786,12030,82,"https://i.ytimg.com/vi/CFOvnblNq_A/maxresdefault.jpg","29/08/2020"
"19","Originais","Audi RS7",61.834,"https://www.youtube.com/watch?v=ukLOCrBHDcE","4/11/2014",0.25,347280,7228,45,"https://i.ytimg.com/vi/ukLOCrBHDcE/maxresdefault.jpg","29/08/2020"
"20","Originais","Audi RS7 Performance",61.924,"https://www.youtube.com/watch?v=LaeOMqlIPyI","6/03/2017",7.98,241091,12796,327,"https://i.ytimg.com/vi/LaeOMqlIPyI/maxresdefault.jpg","29/08/2020"
"21","Originais","Porsche Cayenne Turbo",61.984,"https://www.youtube.com/watch?v=8JBgDnZQCYk","10/06/2019",0.25,201193,19268,97,"https://i.ytimg.com/vi/8JBgDnZQCYk/maxresdefault.jpg","29/08/2020"
"22","Originais","Audi RS 4 Avant",61.297,"https://www.youtube.com/watch?v=XG_AUg9bQ_w","19/08/2019",1.98,533152,40592,225,"https://i.ytimg.com/vi/XG_AUg9bQ_w/maxresdefault.jpg","29/08/2020"
"23","Originais","Ford Mustang GT",62.243,"https://www.youtube.com/watch?v=NmOW-5CBZxs","28/05/2018",0.38,836512,45226,926,"https://i.ytimg.com/vi/NmOW-5CBZxs/maxresdefault.jpg","29/08/2020"
"24","Originais","BMW i8",62.324,"https://www.youtube.com/watch?v=uPpuhZSGGRY","20/11/2017",0.25,1058834,53140,363,"https://i.ytimg.com/vi/uPpuhZSGGRY/maxresdefault.jpg","29/08/2020"
"25","Originais","Audi RS3 Sedan",62.336,"https://www.youtube.com/watch?v=VCFKhrfulPU","21/05/2018",0.25,194682,17482,83,"https://i.ytimg.com/vi/VCFKhrfulPU/maxresdefault.jpg","29/08/2020"
"26","Originais","Audi TTS",62.342,"https://www.youtube.com/watch?v=-EcPgQfLEQs","1/08/2016",0.1,227185,11039,96,"https://i.ytimg.com/vi/-EcPgQfLEQs/maxresdefault.jpg","29/08/2020"
"27","Originais","BMW M4",62.413,"https://www.youtube.com/watch?v=vBCY-c_sdG4","11/03/2019",0.25,632304,37540,255,"https://i.ytimg.com/vi/vBCY-c_sdG4/maxresdefault.jpg","29/08/2020"
"28","Originais","BMW M5",62.477,"https://www.youtube.com/watch?v=MPws6AzFyYc","14/03/2016",0.25,845766,20695,188,"https://i.ytimg.com/vi/MPws6AzFyYc/maxresdefault.jpg","29/08/2020"
"29","Originais","Chevrolet Camaro SS 2018",62.666,"https://www.youtube.com/watch?v=hxgpsszX84s","24/04/2017",15.63,925703,31988,391,"https://i.ytimg.com/vi/hxgpsszX84s/maxresdefault.jpg","29/08/2020"
"30","Originais","Audi RS 3",62.78,"https://www.youtube.com/watch?v=38LAWAZ7myw","6/06/2016",0.25,425818,12439,105,"https://i.ytimg.com/vi/38LAWAZ7myw/maxresdefault.jpg","29/08/2020"
"31","Originais","BMW M3",62.944,"https://www.youtube.com/watch?v=KbjlTl5oiuI","25/04/2016",0.38,423781,14403,89,"https://i.ytimg.com/vi/KbjlTl5oiuI/maxresdefault.jpg","29/08/2020"
"32","Originais","Mercedes-AMG C63 S Coupé",63.042,"https://www.youtube.com/watch?v=uPpuhZSGGRY","20/11/2017",0.25,1058834,53140,363,"https://i.ytimg.com/vi/uPpuhZSGGRY/maxresdefault.jpg","29/08/2020"
"33","Originais","Chevrolet Camaro SS Cabrio",63.051,"https://www.youtube.com/watch?v=7JHTAaSa1bo","9/04/2018",0.25,83537,8379,42,"https://i.ytimg.com/vi/7JHTAaSa1bo/maxresdefault.jpg","29/08/2020"
"34","Originais","Mercedes C 63 AMG S",63.251,"https://www.youtube.com/watch?v=_eFkJvOntIk&list","27/06/2016",0.25,532022,15853,147,"https://i.ytimg.com/vi/_eFkJvOntIk/maxresdefault.jpg","29/08/2020"
"35","Originais","Mercedes-AMG A35",63.274,"https://www.youtube.com/watch?v=2Bt_4_yyZuQ","6/07/2020",0.25,141589,15679,73,"https://i.ytimg.com/vi/2Bt_4_yyZuQ/hqdefault.jpg","29/08/2020"
"36","Originais","BMW M2",63.415,"https://www.youtube.com/watch?v=QNecRuJIygU","5/12/2016",0.25,692400,25206,207,"https://i.ytimg.com/vi/QNecRuJIygU/maxresdefault.jpg","29/08/2020"
"37","Originais","Porsche 718 Boxster “James Dean”",63.562,"https://www.youtube.com/watch?v=vnXnRIY3Zj8","20/01/2020",0.1,130895,11873,89,"https://i.ytimg.com/vi/vnXnRIY3Zj8/maxresdefault.jpg","29/08/2020"
"38","Originais","Porsche Macan GTS",63.575,"https://www.youtube.com/watch?v=ajLY6fn9xKs","14/01/2019",0.25,142634,12154,69,"https://i.ytimg.com/vi/ajLY6fn9xKs/maxresdefault.jpg","29/08/2020"
"39","Originais","Mercedes-AMG C 43 Coupé",64.195,"https://www.youtube.com/watch?v=hxgpsszX84s","24/04/2017",15.63,925743,31988,391,"https://i.ytimg.com/vi/hxgpsszX84s/maxresdefault.jpg","29/08/2020"
"40","Originais","Audi TT Coupé",64.59,"https://www.youtube.com/watch?v=HR73zdNBI_g","9/11/2015",4.83,214449,6498,53,"https://i.ytimg.com/vi/HR73zdNBI_g/maxresdefault.jpg","29/08/2020"
"41","Originais","Honda Civic Type R",64.687,"https://www.youtube.com/watch?v=uPpuhZSGGRY","20/11/2017",0.25,1058834,53140,363,"https://i.ytimg.com/vi/uPpuhZSGGRY/maxresdefault.jpg","29/08/2020"
"42","Originais","Mercedes CLS 63 AMG 2015 do Léo Stronda",64.712,"https://www.youtube.com/watch?v=1xMf21EFIv0","24/09/2018",0.25,406403,24646,247,"https://i.ytimg.com/vi/1xMf21EFIv0/maxresdefault.jpg","29/08/2020"
"43","Originais","Porsche Boxter S",64.78,"https://www.youtube.com/watch?v=erEAKLCYgLQ","16/03/2015",0.25,505101,12699,77,"https://i.ytimg.com/vi/erEAKLCYgLQ/maxresdefault.jpg","29/08/2020"
"44","Originais","Mitsubischi Lancer Evo X",64.788,"https://www.youtube.com/watch?v=Qlr-IDBovFY","9/09/2014",0.25,594634,11279,69,"https://i.ytimg.com/vi/Qlr-IDBovFY/maxresdefault.jpg","29/08/2020"
"45","Originais","Kia Stinger GT",64.791,"https://www.youtube.com/watch?v=vBCY-c_sdG4","11/03/2019",0.25,632304,37540,255,"https://i.ytimg.com/vi/vBCY-c_sdG4/maxresdefault.jpg","29/08/2020"
"46","Originais","Porsche Macan Turbo",64.811,"https://www.youtube.com/watch?v=erEAKLCYgLQ","16/03/2015",0.25,505101,12699,77,"https://i.ytimg.com/vi/erEAKLCYgLQ/maxresdefault.jpg","29/08/2020"
"47","Originais","Jaguar XFR-S",64.829,"https://www.youtube.com/watch?v=5Ze0Z2QWAsc","4/05/2015",0.25,1080561,35590,305,"https://i.ytimg.com/vi/5Ze0Z2QWAsc/maxresdefault.jpg","29/08/2020"
"48","Originais","Porsche Cayenne",64.887,"https://www.youtube.com/watch?v=h1IhMUfcWwc","16/03/2020",0.25,217123,14959,149,"https://i.ytimg.com/vi/h1IhMUfcWwc/hqdefault.jpg","29/08/2020"
"49","Originais","Subaru WRX STI",65.09,"https://www.youtube.com/watch?v=Rjm4Kr_I8Ig","7/09/2015",0.25,1050822,27145,269,"https://i.ytimg.com/vi/Rjm4Kr_I8Ig/maxresdefault.jpg","29/08/2020"
"50","Originais","Mercedes-Benz A45 AMG",65.233,"https://www.youtube.com/watch?v=Wj-PbYzneqs","14/10/2014",0.25,317954,6377,36,"https://i.ytimg.com/vi/Wj-PbYzneqs/maxresdefault.jpg","29/08/2020"
"51","Originais","Tesla Model S",65.32,"https://www.youtube.com/watch?v=5Ze0Z2QWAsc","4/05/2015",0.25,1080561,35590,305,"https://i.ytimg.com/vi/5Ze0Z2QWAsc/maxresdefault.jpg","29/08/2020"
"52","Originais","BMW M240i",65.33,"https://www.youtube.com/watch?v=2BI8Y-O7TVA","14/05/2018",0.25,157201,22619,637,"https://i.ytimg.com/vi/2BI8Y-O7TVA/maxresdefault.jpg","29/08/2020"
"53","Originais","BMW M135i",65.339,"https://www.youtube.com/watch?v=TN9M8Ht95HE","16/09/2014",0.25,238571,4765,33,"https://i.ytimg.com/vi/TN9M8Ht95HE/maxresdefault.jpg","29/08/2020"
"54","Originais","Audi S3 Sedan",65.341,"https://www.youtube.com/watch?v=QNecRuJIygU","5/12/2016",0.25,692400,25206,207,"https://i.ytimg.com/vi/QNecRuJIygU/maxresdefault.jpg","29/08/2020"
"55","Originais","BMW M135i",65.508,"https://www.youtube.com/watch?v=2Bt_4_yyZuQ","6/07/2020",0.25,141589,15679,73,"https://i.ytimg.com/vi/2Bt_4_yyZuQ/hqdefault.jpg","29/08/2020"
"56","Originais","Jaguar XJ R-Sport",65.513,"https://www.youtube.com/watch?v=ajLY6fn9xKs","14/01/2019",0.25,142634,12154,69,"https://i.ytimg.com/vi/ajLY6fn9xKs/maxresdefault.jpg","29/08/2020"
"57","Originais","MINI Clubman JCW",65.615,"https://www.youtube.com/watch?v=WVyu-i-_Mkg","29/06/2020",0.25,93018,9256,170,"https://i.ytimg.com/vi/WVyu-i-_Mkg/hqdefault.jpg","29/08/2020"
"58","Originais","Volkswagen Jetta GLI",65.763,"https://www.youtube.com/watch?v=TbG-oHFUeJs","16/09/2019",0.25,1030494,47954,461,"https://i.ytimg.com/vi/TbG-oHFUeJs/hqdefault.jpg","29/08/2020"
"59","Originais","BMW M235i",65.781,"https://www.youtube.com/watch?v=6ORK9TXk03I","30/09/2014",0.25,275827,6018,20,"https://i.ytimg.com/vi/6ORK9TXk03I/maxresdefault.jpg","29/08/2020"
"60","Originais","Audi S Q5",65.855,"https://www.youtube.com/watch?v=6GKUn3y2b2Q","2/03/2015",0.25,119730,3335,10,"https://i.ytimg.com/vi/6GKUn3y2b2Q/maxresdefault.jpg","29/08/2020"
"61","Originais","Jaguar XE-S",65.918,"https://www.youtube.com/watch?v=0991cAFsuGo","19/10/2015",0.25,151752,5264,32,"https://i.ytimg.com/vi/0991cAFsuGo/maxresdefault.jpg","29/08/2020"
"62","Originais","Porsche Macan",65.933,"https://www.youtube.com/watch?v=KFo09mBuXG4","6/01/2020",0.25,160246,13446,78,"https://i.ytimg.com/vi/KFo09mBuXG4/maxresdefault.jpg","29/08/2020"
"63","Originais","Audi A5 Ambition Plus",65.993,"https://www.youtube.com/watch?v=ajLY6fn9xKs","14/01/2019",0.25,142634,12154,69,"https://i.ytimg.com/vi/ajLY6fn9xKs/maxresdefault.jpg","29/08/2020"
"64","Originais","Nissan 370Z Nismo 2012",66.153,"https://www.youtube.com/watch?v=TFHc1ftBLfA","23/07/2018",0.25,385882,27259,152,"https://i.ytimg.com/vi/TFHc1ftBLfA/maxresdefault.jpg","29/08/2020"
"65","Originais","Volvo S90 T8",66.176,"https://www.youtube.com/watch?v=jBoj2JchIsk","3/06/2019",0.25,109493,12721,391,"https://i.ytimg.com/vi/jBoj2JchIsk/maxresdefault.jpg","29/08/2020"
"66","Originais","BMW X6 xDrive40i M Sport",66.324,"https://www.youtube.com/watch?v=_Lm0HGrQho8","27/07/2020",0.25,242255,22137,135,"https://i.ytimg.com/vi/_Lm0HGrQho8/hqdefault.jpg","29/08/2020"
"67","Originais","Jaguar F-Type 2.0",66.357,"https://www.youtube.com/watch?v=N5tBv_st3ek","15/10/2018",0.25,162939,14769,86,"https://i.ytimg.com/vi/N5tBv_st3ek/maxresdefault.jpg","29/08/2020"
"68","Originais","Renault Megane R.S",66.622,"https://www.youtube.com/watch?v=PGlHJNtQ0Vo","21/08/2017",0.25,330101,18214,109,"https://i.ytimg.com/vi/PGlHJNtQ0Vo/maxresdefault.jpg","29/08/2020"
"69","Originais","Chevrolet Camaro SS 2014",66.709,"https://www.youtube.com/watch?v=VqKBPF7wfcc","16/12/2014",0.25,723634,13550,140,"https://i.ytimg.com/vi/VqKBPF7wfcc/maxresdefault.jpg","29/08/2020"
"70","Originais","Lotus Elise Supercharged 2008",66.901,"https://www.youtube.com/watch?v=hxgpsszX84s","24/04/2017",15.63,925703,31988,391,"https://i.ytimg.com/vi/hxgpsszX84s/maxresdefault.jpg","29/08/2020"
"71","Originais","Land Rover Range Rover SRV",66.902,"https://www.youtube.com/watch?v=HkZ8K34bbys","8/02/2016",0.25,493597,15627,113,"https://i.ytimg.com/vi/HkZ8K34bbys/maxresdefault.jpg","29/08/2020"
"72","Originais","Volkswagen Golf GTI 2019",66.954,"https://www.youtube.com/watch?v=7KnyzJJxEwI","8/10/2018",0.25,220163,15653,411,"https://i.ytimg.com/vi/7KnyzJJxEwI/maxresdefault.jpg","29/08/2020"
"73","Originais","Ford Focus RS 2010",66.473,"https://www.youtube.com/watch?v=iiyoQHzpDHg","2/03/2020",0.25,575785,40194,292,"https://i.ytimg.com/vi/iiyoQHzpDHg/hqdefault.jpg","29/08/2020"
"74","Originais","Mercedes-Benz C300 Sport",66.87,"https://www.youtube.com/watch?v=TbG-oHFUeJs","16/09/2019",0.25,1030494,47954,461,"https://i.ytimg.com/vi/TbG-oHFUeJs/hqdefault.jpg","29/08/2020"
"75","Originais","Porsche Panamera V6",67.302,"https://www.youtube.com/watch?v=cx6SbOtwvXY","13/06/2016",0.25,530592,17432,126,"https://i.ytimg.com/vi/cx6SbOtwvXY/maxresdefault.jpg","29/08/2020"
"76","Originais","BMW 330i M Sport",67.334,"https://www.youtube.com/watch?v=KT-NOP1VpIo","23/12/2019",0.25,122381,8891,269,"https://i.ytimg.com/vi/KT-NOP1VpIo/maxresdefault.jpg","29/08/2020"
"77","Originais","Mini John Cooper Works",67.473,"https://www.youtube.com/watch?v=OhbTz1K8TE4","10/12/2018",0.25,173220,15235,81,"https://i.ytimg.com/vi/OhbTz1K8TE4/maxresdefault.jpg","29/08/2020"
"78","Originais","Honda Civic Si 2018",67.526,"https://www.youtube.com/watch?v=mDkLiPWOt9Y","4/06/2018",0.25,455279,33652,172,"https://i.ytimg.com/vi/mDkLiPWOt9Y/maxresdefault.jpg","29/08/2020"
"79","Originais","Volkswagen Golf GTI 2015",67.551,"https://www.youtube.com/watch?v=60CRV-Zs5GM","26/01/2015",0.25,707362,12581,114,"https://i.ytimg.com/vi/60CRV-Zs5GM/maxresdefault.jpg","29/08/2020"
"80","Originais","Mercedes-Benz CLS 400",67.629,"https://www.youtube.com/watch?v=cx6SbOtwvXY","13/06/2016",0.25,530592,17432,126,"https://i.ytimg.com/vi/cx6SbOtwvXY/maxresdefault.jpg","29/08/2020"
"81","Originais","Honda Accord Touring",68.083,"https://www.youtube.com/watch?v=TbG-oHFUeJs","16/09/2019",0.25,1030494,47954,461,"https://i.ytimg.com/vi/TbG-oHFUeJs/hqdefault.jpg","29/08/2020"
"82","Originais","VW Fusca TSI",68.136,"https://www.youtube.com/watch?v=WESah27pphU","28/12/2015",0.25,1610041,41569,711,"https://i.ytimg.com/vi/WESah27pphU/maxresdefault.jpg","29/08/2020"
"83","Originais","Volvo V40 T5 R-Design",68.153,"https://www.youtube.com/watch?v=PGlHJNtQ0Vo","21/08/2017",0.25,330101,18214,109,"https://i.ytimg.com/vi/PGlHJNtQ0Vo/maxresdefault.jpg","29/08/2020"
"84","Originais","Ford Edge ST",68.157,"https://www.youtube.com/watch?v=KFo09mBuXG4","6/01/2020",0.25,160246,13446,78,"https://i.ytimg.com/vi/KFo09mBuXG4/maxresdefault.jpg","29/08/2020"
"85","Originais","Toyota GT86",68.227,"https://www.youtube.com/watch?v=PGlHJNtQ0Vo","21/08/2017",0.25,330101,18214,109,"https://i.ytimg.com/vi/PGlHJNtQ0Vo/maxresdefault.jpg","29/08/2020"
"86","Originais","Nissan 350Z 2008",68.295,"https://www.youtube.com/watch?v=SxP7ts9znio","16/07/2018",0.25,213206,22081,412,"https://i.ytimg.com/vi/SxP7ts9znio/maxresdefault.jpg","29/08/2020"
"87","Originais","Audi Q8 Performance Black",68.361,"https://www.youtube.com/watch?v=_Lm0HGrQho8","27/07/2020",0.25,242257,22138,135,"https://i.ytimg.com/vi/_Lm0HGrQho8/hqdefault.jpg","29/08/2020"
"88","Originais","Volkswagen Polo GTI 2006",68.81,"https://www.youtube.com/watch?v=Qfefg8CzbgQ","6/05/2019",0.25,187935,19075,72,"https://i.ytimg.com/vi/Qfefg8CzbgQ/maxresdefault.jpg","29/08/2020"
"89","Originais","BMW X5 xDrive30d",69.073,"https://www.youtube.com/watch?v=h1IhMUfcWwc","16/03/2020",0.25,217123,14959,149,"https://i.ytimg.com/vi/h1IhMUfcWwc/hqdefault.jpg","29/08/2020"
"90","Originais","BMW 320i",69.105,"https://www.youtube.com/watch?v=dlW-72RhZnA","13/02/2017",0.25,631435,18065,210,"https://i.ytimg.com/vi/dlW-72RhZnA/maxresdefault.jpg","29/08/2020"
"91","Originais","Mercedes Classe A 250",69.376,"https://www.youtube.com/watch?v=BXFqzhi067w","25/03/2019",0.25,205692,19316,179,"https://i.ytimg.com/vi/BXFqzhi067w/maxresdefault.jpg","29/08/2020"
"92","Originais","BMW X2",69.413,"https://www.youtube.com/watch?v=7KnyzJJxEwI","8/10/2018",0.25,220163,15653,411,"https://i.ytimg.com/vi/7KnyzJJxEwI/maxresdefault.jpg","29/08/2020"
"93","Originais","VW Jetta TSI",69.418,"https://www.youtube.com/watch?v=tYUyp4WTc3Y","17/08/2015",0.25,582093,14628,132,"https://i.ytimg.com/vi/tYUyp4WTc3Y/maxresdefault.jpg","29/08/2020"
"94","Originais","Volvo T40 2014",69.551,"https://www.youtube.com/watch?v=FEi8bO6_sdI","25/05/2015",0.25,324840,6673,55,"https://i.ytimg.com/vi/FEi8bO6_sdI/maxresdefault.jpg","29/08/2020"
"95","Originais","Audi A3 1.8 TFSI",69.758,"https://www.youtube.com/watch?v=RB55oJOO64g","3/08/2015",0.25,137603,4125,16,"https://i.ytimg.com/vi/RB55oJOO64g/maxresdefault.jpg","29/08/2020"
"96","Originais","Volkswagen Golf GTI Mk5 2007",69.787,"https://www.youtube.com/watch?v=zOphDb1NeHM","24/08/2020",9.32,150797,15282,208,"https://i.ytimg.com/vi/zOphDb1NeHM/hqdefault.jpg","29/08/2020"
"97","Originais","Jaguar XF",69.8,"https://www.youtube.com/watch?v=kUHT_Eo_ZfY","2/12/2014",0.1,44597,1593,5,"https://i.ytimg.com/vi/kUHT_Eo_ZfY/maxresdefault.jpg","29/08/2020"
"98","Originais","Mini John Cooper Works",69.882,"https://www.youtube.com/watch?v=rdXtJi0rNxw","12/01/2015",0.25,218536,4775,30,"https://i.ytimg.com/vi/rdXtJi0rNxw/maxresdefault.jpg","29/08/2020"
"99","Originais","Chevrolet Equinox",70.023,"https://www.youtube.com/watch?v=G8g7JWs5his","12/03/2018",0.1,249406,17048,139,"https://i.ytimg.com/vi/G8g7JWs5his/maxresdefault.jpg","29/08/2020"
"100","Originais","Honda Civic Touring",70.166,"https://www.youtube.com/watch?v=4ISmu8EjPiw","24/10/2016",0.25,1033649,22961,350,"https://i.ytimg.com/vi/4ISmu8EjPiw/maxresdefault.jpg","29/08/2020"
"101","Originais","Honda Civic Si 2015",70.351,"https://www.youtube.com/watch?v=5VC-wsyo7xc","9/02/2015",0.25,231172,4624,26,"https://i.ytimg.com/vi/5VC-wsyo7xc/maxresdefault.jpg","29/08/2020"
"102","Originais","Volkswagen Polo GTS",70.386,"https://www.youtube.com/watch?v=1OaZDxYOGMg","13/07/2020",0.25,283861,20978,140,"https://i.ytimg.com/vi/1OaZDxYOGMg/hqdefault.jpg","29/08/2020"
"103","Originais","Honda HR-V Touring",70.423,"https://www.youtube.com/watch?v=r5k9nRbQs3Q","28/10/2019",0.25,132469,12019,69,"https://i.ytimg.com/vi/r5k9nRbQs3Q/maxresdefault.jpg","29/08/2020"
"104","Originais","Toyota RAV4 Hybrid",70.498,"https://www.youtube.com/watch?v=r5k9nRbQs3Q","28/10/2019",0.25,132469,12019,69,"https://i.ytimg.com/vi/r5k9nRbQs3Q/maxresdefault.jpg","29/08/2020"
"105","Originais","Suzuki Swift Sport R",70.577,"https://www.youtube.com/watch?v=Nnb_mQgk0Ew","28/09/2015",0.25,128171,5016,31,"https://i.ytimg.com/vi/Nnb_mQgk0Ew/maxresdefault.jpg","29/08/2020"
"106","Originais","Ford Fusion 2.0 EcoBoost AWD",70.785,"https://www.youtube.com/watch?v=Bfr4qNTQ8jY","21/11/2016",0.25,770223,22374,405,"https://i.ytimg.com/vi/Bfr4qNTQ8jY/maxresdefault.jpg","29/08/2020"
"107","Originais","Fiat 500 Abarth",70.884,"https://www.youtube.com/watch?v=4kmh25Rprxk","23/02/2015",0.25,460077,9814,75,"https://i.ytimg.com/vi/4kmh25Rprxk/maxresdefault.jpg","29/08/2020"
"108","Originais","Audi A3 Sedan 1.4",70.906,"https://www.youtube.com/watch?v=4ISmu8EjPiw","24/10/2016",0.25,103365,22961,350,"https://i.ytimg.com/vi/4ISmu8EjPiw/maxresdefault.jpg","29/08/2020"
"109","Originais","Ford Fusion 2.0 EcoBoost",70.933,"https://www.youtube.com/watch?v=cx6SbOtwvXY","13/06/2016",0.25,530592,17432,126,"https://i.ytimg.com/vi/cx6SbOtwvXY/maxresdefault.jpg","29/08/2020"
"110","Originais","Range Rover Evoque",71.004,"https://www.youtube.com/watch?v=g4JF879CgCE","27/03/2017",0.38,1022667,31739,530,"https://i.ytimg.com/vi/g4JF879CgCE/maxresdefault.jpg","29/08/2020"
"111","Originais","Peugeot 2008 THP",71.063,"https://www.youtube.com/watch?v=dx2cY_MdjTs","16/11/2015",0.25,198611,4897,55,"https://i.ytimg.com/vi/dx2cY_MdjTs/maxresdefault.jpg","29/08/2020"
"112","Originais","Volvo XC40 T4",71.147,"https://www.youtube.com/watch?v=r5k9nRbQs3Q","28/10/2019",0.25,132469,12019,69,"https://i.ytimg.com/vi/r5k9nRbQs3Q/maxresdefault.jpg","29/08/2020"
"113","Originais","VW Golf TSI Comfortline",71.254,"https://www.youtube.com/watch?v=7gDnj6vh_hw","6/04/2015",0.25,1110093,15908,309,"https://i.ytimg.com/vi/7gDnj6vh_hw/maxresdefault.jpg","29/08/2020"
"114","Originais","Suzuki Vitara 4Sport",71.288,"https://www.youtube.com/watch?v=r0ePzVJCOiw","20/03/2017",0.25,210748,7202,113,"https://i.ytimg.com/vi/r0ePzVJCOiw/maxresdefault.jpg","29/08/2020"
"115","Originais","Lexus ES 300h",71.317,"https://www.youtube.com/watch?v=D48CZo7wGrw","30/03/2020",0.25,120533,12249,73,"https://i.ytimg.com/vi/D48CZo7wGrw/maxresdefault.jpg","29/08/2020"
"116","Originais","Sandero R.S.",71.413,"https://www.youtube.com/watch?v=9kOMEqLnk6g","3/02/2020",0.25,212613,17361,111,"https://i.ytimg.com/vi/9kOMEqLnk6g/maxresdefault.jpg","29/08/2020"
"117","Originais","Chevrolet Cruze Sport6 Premier",71.468,"https://www.youtube.com/watch?v=1OaZDxYOGMg","13/07/2020",0.25,283861,20978,140,"https://i.ytimg.com/vi/1OaZDxYOGMg/hqdefault.jpg","29/08/2020"
"118","Originais","Citroën DS3 2015",71.504,"https://www.youtube.com/watch?v=mUR4RoZ7jdg","9/03/2015",0.25,290871,6613,44,"https://i.ytimg.com/vi/mUR4RoZ7jdg/maxresdefault.jpg","29/08/2020"
"119","Originais","Peugeot 308 THP",71.611,"https://www.youtube.com/watch?v=38LAWAZ7myw","6/06/2016",0.25,425818,12439,105,"https://i.ytimg.com/vi/38LAWAZ7myw/maxresdefault.jpg","29/08/2020"
"120","Originais","Volkswagen Amarok V6",71.649,"https://www.youtube.com/watch?v=RQAIyMAKocI","6/08/2018",0.25,504175,25969,370,"https://i.ytimg.com/vi/RQAIyMAKocI/maxresdefault.jpg","29/08/2020"
"121","Originais","Volkswagen Jetta 1.4 TSI",71.717,"https://www.youtube.com/watch?v=XDHUxMJenGk","22/09/2016",14.67,426941,12335,204,"https://i.ytimg.com/vi/XDHUxMJenGk/maxresdefault.jpg","29/08/2020"
"122","Originais","Chevrolet Cruze Sport6",71.754,"https://www.youtube.com/watch?v=yK65eCJb_J4","12/12/2016",0.25,572878,18585,220,"https://i.ytimg.com/vi/yK65eCJb_J4/maxresdefault.jpg","29/08/2020"
"123","Originais","Renault Sandero RS",71.801,"https://www.youtube.com/watch?v=H6QrCuVdLmg","14/12/2015",9.08,443417,11176,143,"https://i.ytimg.com/vi/H6QrCuVdLmg/maxresdefault.jpg","29/08/2020"
"124","Originais","Mitsubishi Eclipse GT 2008 do Casal de Nerd",71.876,"https://www.youtube.com/watch?v=xqGzbBIC6kM","11/09/2017",0.25,302443,21818,266,"https://i.ytimg.com/vi/xqGzbBIC6kM/maxresdefault.jpg","29/08/2020"
"125","Originais","Jaguar E-Pace P300 R-Dynamic",71.879,"https://www.youtube.com/watch?v=jBoj2JchIsk","3/06/2019",0.25,109493,12721,391,"https://i.ytimg.com/vi/jBoj2JchIsk/maxresdefault.jpg","29/08/2020"
"126","Originais","Kia Cerato 2.0",71.902,"https://www.youtube.com/watch?v=N7yi8KnfgQc","25/11/2019",0.25,102411,8606,184,"https://i.ytimg.com/vi/N7yi8KnfgQc/maxresdefault.jpg","29/08/2020"
"127","Originais","Mercedes-Benz C 180",71.972,"https://www.youtube.com/watch?v=_w8jgo2rgQo","31/10/2016",0.25,397480,11512,89,"https://i.ytimg.com/vi/_w8jgo2rgQo/maxresdefault.jpg","29/08/2020"
"128","Originais","Peugeot 408 1.6 THP",72.067,"https://www.youtube.com/watch?v=0dpHT5vHw9k","6/02/2017",0.25,888833,23598,325,"https://i.ytimg.com/vi/0dpHT5vHw9k/maxresdefault.jpg","29/08/2020"
"129","Originais","Honda Civic Sport",72.374,"https://www.youtube.com/watch?v=0dpHT5vHw9k","6/02/2017",0.25,888833,23598,325,"https://i.ytimg.com/vi/0dpHT5vHw9k/maxresdefault.jpg","29/08/2020"
"130","Originais","Honda NSX do Chefe",72.414,"https://www.youtube.com/watch?v=izX5BEvz1wk","27/03/2015",0.25,1518016,45311,370,"https://i.ytimg.com/vi/izX5BEvz1wk/maxresdefault.jpg","29/08/2020"
"131","Originais","Volkswagen T-Cross Highline",72.463,"https://www.youtube.com/watch?v=X-aj4L1sVMU","17/08/2020",0.25,161205,12137,92,"https://i.ytimg.com/vi/X-aj4L1sVMU/hqdefault.jpg","29/08/2020"
"132","Originais","Citroën C4 Lounge",72.497,"https://www.youtube.com/watch?v=h9177BjIOV8","19/01/2015",0.25,254803,5376,52,"https://i.ytimg.com/vi/h9177BjIOV8/maxresdefault.jpg","29/08/2020"
"133","Originais","Citroën C4 Picasso",72.627,"https://www.youtube.com/watch?v=soOEEKjaGIw","13/11/2017",0.25,102008,8782,143,"https://i.ytimg.com/vi/soOEEKjaGIw/hqdefault.jpg","29/08/2020"
"134","Originais","Chevrolet Cruze LTZ 1.4",72.845,"https://www.youtube.com/watch?v=4ISmu8EjPiw","24/10/2016",0.25,103365,22961,350,"https://i.ytimg.com/vi/4ISmu8EjPiw/maxresdefault.jpg","29/08/2020"
"135","Originais","Toyota Corolla XEi",72.863,"https://www.youtube.com/watch?v=_7mkH6PhX18","9/12/2019",0.25,125688,9382,264,"https://i.ytimg.com/vi/_7mkH6PhX18/maxresdefault.jpg","29/08/2020"
"136","Originais","Chevrolet Tracker LTZ 1.4",72.942,"https://www.youtube.com/watch?v=OEnDKJGGce4","2/10/2017",0.25,240825,13092,108,"https://i.ytimg.com/vi/OEnDKJGGce4/maxresdefault.jpg","29/08/2020"
"137","Originais","Citroën C4 Cactus Shine",72.275,"https://www.youtube.com/watch?v=PIfVPZpF52U","12/11/2018",10.8,103921,8954,109,"https://i.ytimg.com/vi/PIfVPZpF52U/maxresdefault.jpg","29/08/2020"
"138","Originais","Fiat Marea Turbo 2003",73.007,"https://www.youtube.com/watch?v=I1Ar_8hk5GM","22/02/2016",15.05,1060932,28284,350,"https://i.ytimg.com/vi/I1Ar_8hk5GM/maxresdefault.jpg","29/08/2020"
"139","Originais","Ford Focus Fastback",73.032,"https://www.youtube.com/watch?v=0dpHT5vHw9k","6/02/2017",0.25,888833,23598,325,"https://i.ytimg.com/vi/0dpHT5vHw9k/maxresdefault.jpg","29/08/2020"
"140","Originais","Novo Peugeot 3008",73.213,"https://www.youtube.com/watch?v=gSHeVWzRftk","18/09/2017",0.25,235761,11716,135,"https://i.ytimg.com/vi/gSHeVWzRftk/maxresdefault.jpg","29/08/2020"
"141","Originais","Volkswagen Polo 200 TSI",73.234,"https://www.youtube.com/watch?v=ycrvRoB1vtc","22/10/2018",0.25,302986,14185,108,"https://i.ytimg.com/vi/ycrvRoB1vtc/maxresdefault.jpg","29/08/2020"
"142","Originais","Ford Focus Titanium",73.318,"https://www.youtube.com/watch?v=7gDnj6vh_hw","6/04/2015",0.25,1110094,15908,309,"https://i.ytimg.com/vi/7gDnj6vh_hw/maxresdefault.jpg","29/08/2020"
"143","Originais","Peugeot 3008 2015",73.346,"https://www.youtube.com/watch?v=dx2cY_MdjTs","16/11/2015",0.25,198611,4897,55,"https://i.ytimg.com/vi/dx2cY_MdjTs/maxresdefault.jpg","29/08/2020"
"144","Originais","Punto T-Jet",73.417,"https://www.youtube.com/watch?v=LMFWCwUS7Jw","11/11/2014",0.25,423634,8274,78,"https://i.ytimg.com/vi/LMFWCwUS7Jw/maxresdefault.jpg","29/08/2020"
"145","Originais","Volkswagen Golf TSI 125 cv",73.569,"https://www.youtube.com/watch?v=8lKWMgjEOpE","15/12/2016",0.25,290981,9962,195,"https://i.ytimg.com/vi/8lKWMgjEOpE/maxresdefault.jpg","29/08/2020"
"146","Originais","Citroën C4 VTR 2008",73.592,"https://www.youtube.com/watch?v=e1owfliMyj8","26/11/2018",0.25,154133,15630,143,"https://i.ytimg.com/vi/e1owfliMyj8/maxresdefault.jpg","29/08/2020"
"147","Originais","Chevrolet Onix Plus Premier",73.624,"https://www.youtube.com/watch?v=745j5he0dPQ","11/11/2019",0.25,544623,32680,401,"https://i.ytimg.com/vi/745j5he0dPQ/maxresdefault.jpg","29/08/2020"
"148","Originais","Hyundai Creta 2.0",73.637,"https://www.youtube.com/watch?v=5wg5EXp7GeI","13/03/2017",1.28,279722,10508,260,"https://i.ytimg.com/vi/5wg5EXp7GeI/maxresdefault.jpg","29/08/2020"
"149","Originais","Chevrolet Tracker Premier",73.662,"https://www.youtube.com/watch?v=X-aj4L1sVMU","17/08/2020",0.25,161205,12137,92,"https://i.ytimg.com/vi/X-aj4L1sVMU/hqdefault.jpg","29/08/2020"
"150","Originais","Honda Civic EXL",73.693,"https://www.youtube.com/watch?v=hjjmf6Bv_eM","25/09/2017",0.25,455718,18841,239,"https://i.ytimg.com/vi/hjjmf6Bv_eM/maxresdefault.jpg","29/08/2020"
"151","Originais","Peugeot 208 Griffe",73.704,"https://www.youtube.com/watch?v=UmD6B4M_SFw","13/04/2015",0.25,239795,5245,44,"https://i.ytimg.com/vi/UmD6B4M_SFw/maxresdefault.jpg","29/08/2020"
"152","Originais","Ford Fiesta 1.0 EcoBoost",73.906,"https://www.youtube.com/watch?v=cM0rtdPg6fA","17/04/2017",0.25,231125,13356,107,"https://i.ytimg.com/vi/cM0rtdPg6fA/maxresdefault.jpg","29/08/2020"
"153","Originais","Fiat Bravo T-Jet",73.979,"https://www.youtube.com/watch?v=7gDnj6vh_hw","6/04/2015",0.25,1110094,15908,309,"https://i.ytimg.com/vi/7gDnj6vh_hw/maxresdefault.jpg","29/08/2020"
"154","Originais","Fiat Coupé 1995",74.163,"https://www.youtube.com/watch?v=B-gq3F-hbT8","25/06/2018",0.25,198056,19908,140,"https://i.ytimg.com/vi/B-gq3F-hbT8/maxresdefault.jpg","29/08/2020"
"155","Originais","Fiat Argo HGT",74.399,"https://www.youtube.com/watch?v=XVT-W0G0MTE","23/10/2017",0.25,213517,11204,504,"https://i.ytimg.com/vi/XVT-W0G0MTE/maxresdefault.jpg","29/08/2020"
"156","Originais","Toyota Corolla Altis",74.419,"https://www.youtube.com/watch?v=rZp7VvbdT-E","30/11/2015",0.25,1167977,20218,476,"https://i.ytimg.com/vi/rZp7VvbdT-E/maxresdefault.jpg","29/08/2020"
"157","Originais","Citroën Xsara VTS 1998",74.438,"https://www.youtube.com/watch?v=e1owfliMyj8","26/11/2018",0.25,154133,15630,143,"https://i.ytimg.com/vi/e1owfliMyj8/maxresdefault.jpg","29/08/2020"
"158","Originais","Audi S4 Avant do Chefe",74.448,"https://www.youtube.com/watch?v=j679ET1ax3k","20/03/2015",0.25,455652,15130,58,"https://i.ytimg.com/vi/j679ET1ax3k/maxresdefault.jpg","29/08/2020"
"159","Originais","Hyundai HB20 1.6",74.551,"https://www.youtube.com/watch?v=sXRsWvPA8JA","21/09/2015",0.25,249201,7499,92,"https://i.ytimg.com/vi/sXRsWvPA8JA/maxresdefault.jpg","29/08/2020"
"160","Originais","Volkswagen Golf GTI 2004",74.606,"https://www.youtube.com/watch?v=I1Ar_8hk5GM","22/02/2016",15.05,1060932,28284,350,"https://i.ytimg.com/vi/I1Ar_8hk5GM/maxresdefault.jpg","29/08/2020"
"161","Originais","Ford EcoSport 2.0 Titanium",74.752,"https://www.youtube.com/watch?v=zwtchm9s9sA","31/07/2017",13.72,181024,10058,834,"https://i.ytimg.com/vi/zwtchm9s9sA/maxresdefault.jpg","29/08/2020"
"162","Originais","Hyundai HB20 Diamond Plus",74.876,"https://www.youtube.com/watch?v=745j5he0dPQ","11/11/2019",0.25,544623,32680,401,"https://i.ytimg.com/vi/745j5he0dPQ/maxresdefault.jpg","29/08/2020"
"163","Originais","Hyundai HB20 1.6 AT",74.893,"https://www.youtube.com/watch?v=9Zq5co3k7BY","16/10/2017",5.53,90546,8721,124,"https://i.ytimg.com/vi/9Zq5co3k7BY/maxresdefault.jpg","29/08/2020"
"164","Originais","Honda HR-V EXL",74.97,"https://www.youtube.com/watch?v=wYQNolIumxk","15/02/2016",0.25,910516,18811,378,"https://i.ytimg.com/vi/wYQNolIumxk/maxresdefault.jpg","29/08/2020"
"165","Originais","Fiat Tempra Turbo 1994",74.974,"https://www.youtube.com/watch?v=vn-iZSUGsfE","28/11/2016",0.25,1235988,45045,545,"https://i.ytimg.com/vi/vn-iZSUGsfE/maxresdefault.jpg","29/08/2020"
"166","Originais","HB20 Turbo (etanol)",74.982,"https://www.youtube.com/watch?v=-y6Z1No4aeQ","2/05/2016",8.73,469018,12393,151,"https://i.ytimg.com/vi/-y6Z1No4aeQ/maxresdefault.jpg","29/08/2020"
"167","Originais","Chevrolet Calibra 1994",75.003,"https://www.youtube.com/watch?v=o50BqdFqOXE","2/07/2018",10.18,146927,14703,79,"https://i.ytimg.com/vi/o50BqdFqOXE/maxresdefault.jpg","29/08/2020"
"168","Originais","VW up! TSI",75.022,"https://www.youtube.com/watch?v=6hI7F8S27Gc","11/01/2016",0.25,1280871,25735,492,"https://i.ytimg.com/vi/6hI7F8S27Gc/maxresdefault.jpg","29/08/2020"
"169","Originais","VW Gol Rallye",75.029,"https://www.youtube.com/watch?v=bjW01V8W4z4","31/08/2015",0.25,754640,13846,236,"https://i.ytimg.com/vi/bjW01V8W4z4/maxresdefault.jpg","29/08/2020"
"170","Originais","Jac J2",75.256,"https://www.youtube.com/watch?v=fksZBN4iuDo","28/10/2014",0.25,220385,5207,71,"https://i.ytimg.com/vi/fksZBN4iuDo/maxresdefault.jpg","29/08/2020"
"171","Originais","Volkswagen Gol GTi",75.259,"https://www.youtube.com/watch?v=IUeld01jKI0","7/10/2014",0.25,1316882,24268,408,"https://i.ytimg.com/vi/IUeld01jKI0/maxresdefault.jpg","29/08/2020"
"172","Originais","Chevrolet Vectra GSi 1995",75.289,"https://www.youtube.com/watch?v=FxZYJ5Xrnxc","11/07/2016",0.25,1378385,37249,710,"https://i.ytimg.com/vi/FxZYJ5Xrnxc/maxresdefault.jpg","29/08/2020"
"173","Originais","Dodge Durango Limited",75.313,"https://www.youtube.com/watch?v=o1is4bSb7Hg","20/04/2015",0.25,147815,4847,21,"https://i.ytimg.com/vi/o1is4bSb7Hg/maxresdefault.jpg","29/08/2020"
"174","Originais","Fiat Cronos 1.8",75.454,"https://www.youtube.com/watch?v=zQXdVTGd2bk","26/03/2018",5.73,197007,10212,259,"https://i.ytimg.com/vi/zQXdVTGd2bk/maxresdefault.jpg","29/08/2020"
"175","Originais","VW Gol GTi ’96",75.504,"https://www.youtube.com/watch?v=yIo_od5GLHc","1/10/2015",0.25,1283439,23116,534,"https://i.ytimg.com/vi/yIo_od5GLHc/maxresdefault.jpg","29/08/2020"
"176","Originais","Honda WR-V",75.509,"https://www.youtube.com/watch?v=5wg5EXp7GeI","13/03/2017",0.1,279722,10508,260,"https://i.ytimg.com/vi/5wg5EXp7GeI/maxresdefault.jpg","29/08/2020"
"177","Originais","Chevrolet S10 High Country",75.615,"https://www.youtube.com/watch?v=lAWrlvQofkw","30/09/2019",0.25,539475,33110,312,"https://i.ytimg.com/vi/lAWrlvQofkw/maxresdefault.jpg","29/08/2020"
"178","Originais","Toyota Corolla Altis Hybrid",75.631,"https://www.youtube.com/watch?v=_7mkH6PhX18","9/12/2019",0.25,125688,9382,264,"https://i.ytimg.com/vi/_7mkH6PhX18/maxresdefault.jpg","29/08/2020"
"179","Originais","Honda Civic VTi ’97",75.667,"https://www.youtube.com/watch?v=GxYILgQM654","20/02/2015",0.25,159107,4221,42,"https://i.ytimg.com/vi/GxYILgQM654/maxresdefault.jpg","29/08/2020"
"180","Originais","Alfa 156 2001 do Cassio",75.672,"https://www.youtube.com/watch?v=iZRqqXHu_3E","7/05/2018",0.25,314842,21973,161,"https://i.ytimg.com/vi/iZRqqXHu_3E/maxresdefault.jpg","29/08/2020"
"181","Originais","Toyota Etios XLS Platinum",75.745,"https://www.youtube.com/watch?v=6hI7F8S27Gc","11/01/2016",0.25,1280871,25735,492,"https://i.ytimg.com/vi/6hI7F8S27Gc/maxresdefault.jpg","29/08/2020"
"182","Originais","Kia Cerato",75.817,"https://www.youtube.com/watch?v=hjjmf6Bv_eM","25/09/2017",0.25,455718,18841,239,"https://i.ytimg.com/vi/hjjmf6Bv_eM/maxresdefault.jpg","29/08/2020"
"183","Originais","Chevrolet S10 SS 1995",75.862,"https://www.youtube.com/watch?v=qbOSzsXTbpI","13/08/2018",0.38,220375,22639,94,"https://i.ytimg.com/vi/qbOSzsXTbpI/maxresdefault.jpg","29/08/2020"
"184","Originais","Fiat Stilo Abarth 2003",75.914,"https://www.youtube.com/watch?v=vn-iZSUGsfE","28/11/2016",0.25,1235988,45045,545,"https://i.ytimg.com/vi/vn-iZSUGsfE/maxresdefault.jpg","29/08/2020"
"185","Originais","VW Fox Pepper",75.95,"https://www.youtube.com/watch?v=RJfbKj_Dp_I","13/07/2015",0.25,220951,5005,49,"https://i.ytimg.com/vi/RJfbKj_Dp_I/maxresdefault.jpg","29/08/2020"
"186","Originais","Honda Civic EXR",75.971,"https://www.youtube.com/watch?v=rZp7VvbdT-E","30/11/2015",0.25,1167978,20218,476,"https://i.ytimg.com/vi/rZp7VvbdT-E/maxresdefault.jpg","29/08/2020"
"187","Originais","Nissan March 1.6 CVT",76.063,"https://www.youtube.com/watch?v=gBXaMCmRyhA","3/04/2017",0.25,149660,6899,108,"https://i.ytimg.com/vi/gBXaMCmRyhA/maxresdefault.jpg","29/08/2020"
"188","Originais","HB20 Turbo (gasolina)",76.19,"https://www.youtube.com/watch?v=-y6Z1No4aeQ","2/05/2016",8.73,469018,12393,151,"https://i.ytimg.com/vi/-y6Z1No4aeQ/maxresdefault.jpg","29/08/2020"
"189","Originais","Hyundai i30",76.192,"https://www.youtube.com/watch?v=38LAWAZ7myw","6/06/2016",0.25,425819,12439,105,"https://i.ytimg.com/vi/38LAWAZ7myw/maxresdefault.jpg","29/08/2020"
"190","Originais","Renault Duster Oroch",76.198,"https://www.youtube.com/watch?v=Ee6J73Vk0_k","18/04/2016",0.25,1710167,32403,1968,"https://i.ytimg.com/vi/Ee6J73Vk0_k/maxresdefault.jpg","29/08/2020"
"191","Originais","Honda Civic VTi ’95",76.255,"https://www.youtube.com/watch?v=2S3RCOV-7Xw","13/02/2015",0.25,245492,5787,52,"https://i.ytimg.com/vi/2S3RCOV-7Xw/maxresdefault.jpg","29/08/2020"
"192","Originais","Ford Fiesta Sport",76.263,"https://www.youtube.com/watch?v=6hI7F8S27Gc","11/01/2016",0.25,1280871,25735,492,"https://i.ytimg.com/vi/6hI7F8S27Gc/maxresdefault.jpg","29/08/2020"
"193","Originais","HB20S Turbo (gasolina)",76.319,"https://www.youtube.com/watch?v=-y6Z1No4aeQ","2/05/2016",8.73,469018,12393,151,"https://i.ytimg.com/vi/-y6Z1No4aeQ/maxresdefault.jpg","29/08/2020"
"194","Originais","Fiat Palio Sporting",76.533,"https://www.youtube.com/watch?v=bjW01V8W4z4","31/08/2015",0.25,754640,13846,236,"https://i.ytimg.com/vi/bjW01V8W4z4/maxresdefault.jpg","29/08/2020"
"195","Originais","Fiat Idea Sporting",76.572,"https://www.youtube.com/watch?v=3nWyVYE3eYE","16/04/2018",0.25,85124,8438,183,"https://i.ytimg.com/vi/3nWyVYE3eYE/maxresdefault.jpg","29/08/2020"
"196","Originais","Fiat Uno Turbo ’94",76.597,"https://www.youtube.com/watch?v=yIo_od5GLHc","1/10/2015",0.25,1283439,23116,534,"https://i.ytimg.com/vi/yIo_od5GLHc/maxresdefault.jpg","29/08/2020"
"197","Originais","Toyota Yaris 1.5 XLS",76.637,"https://www.youtube.com/watch?v=ycrvRoB1vtc","22/10/2018",0.25,302986,14185,108,"https://i.ytimg.com/vi/ycrvRoB1vtc/maxresdefault.jpg","29/08/2020"
"198","Originais","Jeep Renegade Diesel",76.651,"https://www.youtube.com/watch?v=wYQNolIumxk","15/02/2016",0.25,910516,18811,378,"https://i.ytimg.com/vi/wYQNolIumxk/maxresdefault.jpg","29/08/2020"
"199","Originais","Dodge Dart 74",76.734,"https://www.youtube.com/watch?v=CCa78pUNeL0","23/09/2014",0.25,478739,10436,80,"https://i.ytimg.com/vi/CCa78pUNeL0/maxresdefault.jpg","29/08/2020"
"200","Originais","Citroën C2 VTS 2006",76.753,"https://www.youtube.com/watch?v=oOhLeLigsT8","3/12/2018",0.25,109108,10628,97,"https://i.ytimg.com/vi/oOhLeLigsT8/maxresdefault.jpg","29/08/2020"
"201","Originais","Fiat Tipo Sedicivalvole 1995",76.813,"https://www.youtube.com/watch?v=vn-iZSUGsfE","28/11/2016",0.25,1235988,45045,545,"https://i.ytimg.com/vi/vn-iZSUGsfE/maxresdefault.jpg","29/08/2020"
"202","Originais","Fiat Argo Trekking",76.873,"https://www.youtube.com/watch?v=92pt9EBIZUk","14/10/2019",0.25,143671,12617,94,"https://i.ytimg.com/vi/92pt9EBIZUk/maxresdefault.jpg","29/08/2020"
"203","Originais","Astra GSi 2003",77.027,"https://www.youtube.com/watch?v=I1Ar_8hk5GM","22/02/2016",15.05,1060932,28284,350,"https://i.ytimg.com/vi/I1Ar_8hk5GM/maxresdefault.jpg","29/08/2020"
"204","Originais","Ford Fusion Hybrid",77.136,"https://www.youtube.com/watch?v=Bfr4qNTQ8jY","21/11/2016",0.25,770224,22374,405,"https://i.ytimg.com/vi/Bfr4qNTQ8jY/maxresdefault.jpg","29/08/2020"
"205","Originais","Ford Fiesta Titanium",77.238,"https://www.youtube.com/watch?v=PmePEDyYvCs","1/02/2015",0.25,250683,5149,60,"https://i.ytimg.com/vi/PmePEDyYvCs/maxresdefault.jpg","29/08/2020"
"206","Originais","Nissan Sentra SL",77.257,"https://www.youtube.com/watch?v=rZp7VvbdT-E","30/11/2015",0.25,1167978,20218,476,"https://i.ytimg.com/vi/rZp7VvbdT-E/maxresdefault.jpg","29/08/2020"
"207","Originais","Chevrolet Cruze LTZ 1.8",77.289,"https://www.youtube.com/watch?v=38LAWAZ7myw","6/06/2016",0.25,425819,12439,105,"https://i.ytimg.com/vi/38LAWAZ7myw/maxresdefault.jpg","29/08/2020"
"208","Originais","Fiat Cronos 1.3",77.402,"https://www.youtube.com/watch?v=Nd5WahBpv50","19/03/2018",0.1,92037,8902,324,"https://i.ytimg.com/vi/Nd5WahBpv50/maxresdefault.jpg","29/08/2020"
"209","Originais","Chevrolet Kadett GSi",77.688,"https://www.youtube.com/watch?v=IUeld01jKI0","7/10/2014",0.25,1316882,24268,408,"https://i.ytimg.com/vi/IUeld01jKI0/maxresdefault.jpg","29/08/2020"
"210","Originais","Nissan Kicks 1.6",77.758,"https://www.youtube.com/watch?v=5wg5EXp7GeI","13/03/2017",1.08,279722,10508,260,"https://i.ytimg.com/vi/5wg5EXp7GeI/maxresdefault.jpg","29/08/2020"
"211","Originais","Chevrolet Corsa GSi ’95",77.78,"https://www.youtube.com/watch?v=yIo_od5GLHc","1/10/2015",0.25,1283439,23116,534,"https://i.ytimg.com/vi/yIo_od5GLHc/maxresdefault.jpg","29/08/2020"
"212","Originais","Chevrolet Camaro RS ’67",78.207,"https://www.youtube.com/watch?v=1hLJlVhH5rI","9/12/2014",0.25,205110,5593,26,"https://i.ytimg.com/vi/1hLJlVhH5rI/maxresdefault.jpg","29/08/2020"
"213","Originais","Ford EcoSport 1.6 Powershift",78.383,"https://www.youtube.com/watch?v=wYQNolIumxk","15/02/2016",0.25,910517,18811,378,"https://i.ytimg.com/vi/wYQNolIumxk/maxresdefault.jpg","29/08/2020"
"214","Originais","Jac J5",78.441,"https://www.youtube.com/watch?v=GDF6vxhP4X4","23/03/2015",0.1,115938,3566,40,"https://i.ytimg.com/vi/GDF6vxhP4X4/maxresdefault.jpg","29/08/2020"
"215","Originais","Ford Ranger Limited",78.572,"https://www.youtube.com/watch?v=lAWrlvQofkw","30/09/2019",0.25,539475,33110,312,"https://i.ytimg.com/vi/lAWrlvQofkw/maxresdefault.jpg","29/08/2020"
"216","Originais","Peugeot 208 1.2",78.874,"https://www.youtube.com/watch?v=1XGTNOvGMHA","10/04/2017",0.25,634399,18849,428,"https://i.ytimg.com/vi/1XGTNOvGMHA/maxresdefault.jpg","29/08/2020"
"217","Originais","Ford Escort XR3",78.934,"https://www.youtube.com/watch?v=IUeld01jKI0","7/10/2014",0.25,1316882,24268,408,"https://i.ytimg.com/vi/IUeld01jKI0/maxresdefault.jpg","29/08/2020"
"218","Originais","Renault Kwid Outsider",78.878,"https://www.youtube.com/watch?v=92pt9EBIZUk","14/10/2019",0.25,143671,12617,94,"https://i.ytimg.com/vi/92pt9EBIZUk/maxresdefault.jpg","29/08/2020"
"219","Originais","Renault Duster Iconic",79.005,"https://www.youtube.com/watch?v=7XWG-XWZJb4","10/08/2020",0.25,152063,9219,561,"https://i.ytimg.com/vi/7XWG-XWZJb4/hqdefault.jpg","29/08/2020"
"220","Originais","Fiat Mobi Drive",79.007,"https://www.youtube.com/watch?v=1XGTNOvGMHA","10/04/2017",0.25,634399,18849,428,"https://i.ytimg.com/vi/1XGTNOvGMHA/maxresdefault.jpg","29/08/2020"
"221","Originais","Fiat Uno Sporting",79.2,"https://www.youtube.com/watch?v=9ubKelYVDuw","18/05/2015",0.25,252121,5749,95,"https://i.ytimg.com/vi/9ubKelYVDuw/maxresdefault.jpg","29/08/2020"
"222","Originais","VW Golf GTI 1994 do Gerson",79.387,"https://www.youtube.com/watch?v=iZRqqXHu_3E","7/05/2018",0.25,314842,21973,161,"https://i.ytimg.com/vi/iZRqqXHu_3E/maxresdefault.jpg","29/08/2020"
"223","Originais","Chevrolet Onix Effect",79.476,"https://www.youtube.com/watch?v=bjW01V8W4z4","31/08/2015",0.25,754640,13846,236,"https://i.ytimg.com/vi/bjW01V8W4z4/maxresdefault.jpg","29/08/2020"
"224","Originais","Dodge Charger R/T 1975",79.841,"https://www.youtube.com/watch?v=f0YAvm52b8o","6/07/2015",0.25,165332,35148,762,"https://i.ytimg.com/vi/f0YAvm52b8o/maxresdefault.jpg","29/08/2020"
"225","Originais","Ford Ka Freestyle 1.0",79.066,"https://www.youtube.com/watch?v=92pt9EBIZUk","14/10/2019",0.25,143671,12617,94,"https://i.ytimg.com/vi/92pt9EBIZUk/maxresdefault.jpg","29/08/2020"
"226","Originais","VW New Beetle 2008",80.007,"https://www.youtube.com/watch?v=WESah27pphU","28/12/2015",0.25,1610045,41569,711,"https://i.ytimg.com/vi/WESah27pphU/maxresdefault.jpg","29/08/2020"
"227","Originais","Renault Captur 2.0 Intense",80.133,"https://www.youtube.com/watch?v=5wg5EXp7GeI","13/03/2017",1.28,279722,10508,260,"https://i.ytimg.com/vi/5wg5EXp7GeI/maxresdefault.jpg","29/08/2020"
"228","Originais","Nissan Versa 1.0 (etanol)",80.183,"https://www.youtube.com/watch?v=ZGrh6PwUBQE","24/08/2015",0.25,228822,7684,118,"https://i.ytimg.com/vi/ZGrh6PwUBQE/maxresdefault.jpg","29/08/2020"
"229","Originais","Lincoln Town Car 1995",80.223,"https://www.youtube.com/watch?v=5Phcf6bY9I0","8/05/2017",0.1,405765,28109,187,"https://i.ytimg.com/vi/5Phcf6bY9I0/maxresdefault.jpg","29/08/2020"
"230","Originais","Chevrolet Montana Sport",80.255,"https://www.youtube.com/watch?v=Ee6J73Vk0_k","18/04/2016",0.25,1710168,32403,1968,"https://i.ytimg.com/vi/Ee6J73Vk0_k/maxresdefault.jpg","29/08/2020"
"231","Originais","Hyundai HB20 1.0",80.721,"https://www.youtube.com/watch?v=1XGTNOvGMHA","10/04/2017",0.25,634399,18849,428,"https://i.ytimg.com/vi/1XGTNOvGMHA/maxresdefault.jpg","29/08/2020"
"232","Originais","Nissan Versa 1.0 (gasolina)",80.806,"https://www.youtube.com/watch?v=ZGrh6PwUBQE","24/08/2015",0.25,228822,7684,118,"https://i.ytimg.com/vi/ZGrh6PwUBQE/maxresdefault.jpg","29/08/2020"
"233","Originais","Volkswagen Santana Sport 1993",80.901,"https://www.youtube.com/watch?v=FxZYJ5Xrnxc","11/07/2016",0.25,1378385,37249,710,"https://i.ytimg.com/vi/FxZYJ5Xrnxc/maxresdefault.jpg","29/08/2020"
"234","Originais","VW Passat TS do Papa Cortes",81.067,"https://www.youtube.com/watch?v=8uTCsrjEVec","29/04/2019",0.25,158617,16865,118,"https://i.ytimg.com/vi/8uTCsrjEVec/maxresdefault.jpg","29/08/2020"
"235","Originais","Ford Maverick GT 1974",81.167,"https://www.youtube.com/watch?v=CMQKr54yb8c","18/12/2017",0.25,281047,23887,132,"https://i.ytimg.com/vi/CMQKr54yb8c/maxresdefault.jpg","29/08/2020"
"236","Originais","Fiat Toro Volcano",83.132,"https://www.youtube.com/watch?v=Ee6J73Vk0_k","18/04/2016",0.25,1710168,32403,1968,"https://i.ytimg.com/vi/Ee6J73Vk0_k/maxresdefault.jpg","29/08/2020"
"237","Originais","Mini Cooper Italian Job 1969",85.091,"https://www.youtube.com/watch?v=bPkfmdyNXsU","16/01/2017",0.25,928398,36061,315,"https://i.ytimg.com/vi/bPkfmdyNXsU/maxresdefault.jpg","29/08/2020"
"238","Originais","VW Fusca Itamar",89.223,"https://www.youtube.com/watch?v=WESah27pphU","28/12/2015",0.25,1610045,41570,711,"https://i.ytimg.com/vi/WESah27pphU/maxresdefault.jpg","29/08/2020"
"239","Originais","Volkswagen Fusca Herbie 1968",95.562,"https://www.youtube.com/watch?v=bPkfmdyNXsU","16/01/2017",0.25,928398,36061,315,"https://i.ytimg.com/vi/bPkfmdyNXsU/maxresdefault.jpg","29/08/2020"
"240","Preparados","Porsche 911 GT3 R",51.863,"https://www.youtube.com/watch?v=OSSC3KMd0x0","11/06/2018",0.2,794845,64501,240,"https://i.ytimg.com/vi/OSSC3KMd0x0/maxresdefault.jpg","29/08/2020"
"241","Preparados","Fórmula 3",52.227,"https://www.youtube.com/watch?v=_4wifJ6NEnk","3/07/2017",0.38,868341,49018,257,"https://i.ytimg.com/vi/_4wifJ6NEnk/maxresdefault.jpg","29/08/2020"
"242","Preparados","Stock Car V8 #111",54.131,"https://www.youtube.com/watch?v=U8aIkGJkh1E","17/10/2016",0.2,1130567,39927,243,"https://i.ytimg.com/vi/U8aIkGJkh1E/maxresdefault.jpg","29/08/2020"
"243","Preparados","Porsche 911 Turbo S Stradale",56.977,"https://www.youtube.com/watch?v=9O75HCR7trQ","10/09/2018",0.2,692330,47656,267,"https://i.ytimg.com/vi/9O75HCR7trQ/maxresdefault.jpg","29/08/2020"
"244","Preparados","Nissan GTR (preparado)",58.181,"https://www.youtube.com/watch?v=ZJPRZRdAYOc","20/07/2015",0.2,1807808,49654,393,"https://i.ytimg.com/vi/ZJPRZRdAYOc/maxresdefault.jpg","29/08/2020"
"245","Preparados","Kart Shifter",58.667,"https://www.youtube.com/watch?v=wGNC4_uj7o4","23/01/2015",0.1,1716679,41059,556,"https://i.ytimg.com/vi/wGNC4_uj7o4/maxresdefault.jpg","29/08/2020"
"246","Preparados","Subaru WRX Speciallizer",58.908,"https://www.youtube.com/watch?v=LKmi0UV-E8w","14/09/2015",0.25,928593,33511,223,"https://i.ytimg.com/vi/LKmi0UV-E8w/maxresdefault.jpg","29/08/2020"
"247","Preparados","Porsche 718 Cayman Stradale",59.19,"https://www.youtube.com/watch?v=L3fYUlywXyQ","1/10/2018",0.2,141681,13014,55,"https://i.ytimg.com/vi/L3fYUlywXyQ/maxresdefault.jpg","29/08/2020"
"248","Preparados","Audi TT RS Stradale",59.572,"https://www.youtube.com/watch?v=aNCCqU5cmLw","21/01/2019",0.2,360213,29342,59,"https://i.ytimg.com/vi/aNCCqU5cmLw/maxresdefault.jpg","29/08/2020"
"249","Preparados","Sprint Race 09",59.701,"https://www.youtube.com/watch?v=6E5m6WWNQU0","3/09/2018",14.78,253564,24810,90,"https://i.ytimg.com/vi/6E5m6WWNQU0/maxresdefault.jpg","29/08/2020"
"250","Preparados","Stock Car Biplace",59.723,"https://www.youtube.com/watch?v=vovb_YLCuH0","7/08/2017",0.2,1099866,84218,396,"https://i.ytimg.com/vi/vovb_YLCuH0/maxresdefault.jpg","29/08/2020"
"251","Preparados","Ferrari 458 Italia Stradale",59.854,"https://www.youtube.com/watch?v=9O75HCR7trQ","10/09/2018",0.2,692330,47656,267,"https://i.ytimg.com/vi/9O75HCR7trQ/maxresdefault.jpg","29/08/2020"
"252","Preparados","BMW M3 Albina",60.653,"https://www.youtube.com/watch?v=-EEnwFVEScA","6/11/2017",0.1,607359,38766,181,"https://i.ytimg.com/vi/-EEnwFVEScA/maxresdefault.jpg","29/08/2020"
"253","Preparados","Mitsubishi Lancer Evo X de 500 cv",61.937,"https://www.youtube.com/watch?v=dL7nrf68saA","4/12/2017",0.2,937107,72711,263,"https://i.ytimg.com/vi/dL7nrf68saA/maxresdefault.jpg","29/08/2020"
"254","Preparados","Audi RS6 Blindada do Rubinho",62.373,"https://www.youtube.com/watch?v=XG_AUg9bQ_w","19/08/2019",0.2,533150,40592,225,"https://i.ytimg.com/vi/XG_AUg9bQ_w/maxresdefault.jpg","29/08/2020"
"255","Preparados","Mitsubishi Lancer Evo VII Armada",62.877,"https://www.youtube.com/watch?v=9O75HCR7trQ","10/09/2018",0.2,692337,47656,267,"https://i.ytimg.com/vi/9O75HCR7trQ/maxresdefault.jpg","29/08/2020"
"256","Preparados","Audi S3 Armada",63.154,"https://www.youtube.com/watch?v=Bgt2mLN-fX4","7/01/2019",0.2,146176,13948,55,"https://i.ytimg.com/vi/Bgt2mLN-fX4/maxresdefault.jpg","29/08/2020"
"257","Preparados","Honda Civic Si 2008 Track Day",63.56,"https://www.youtube.com/watch?v=swkVwGBwQe8","29/02/2016",0.2,879059,21450,215,"https://i.ytimg.com/vi/swkVwGBwQe8/maxresdefault.jpg","29/08/2020"
"258","Preparados","Corsa com motor de F3",63.794,"https://www.youtube.com/watch?v=7rlfCkHEmcs","28/08/2017",0.2,118655,47308,477,"https://i.ytimg.com/vi/7rlfCkHEmcs/maxresdefault.jpg","29/08/2020"
"259","Preparados","BMW M135i Bengadora do Gerson",64,"https://www.youtube.com/watch?v=PIHuDd_MbVg","30/10/2017",13.17,527252,39147,194,"https://i.ytimg.com/vi/PIHuDd_MbVg/maxresdefault.jpg","29/08/2020"
"260","Preparados","Honda Civic Rev It Up",64.37,"https://www.youtube.com/watch?v=C40jmw_bc44","4/07/2016",0.2,857828,25963,300,"https://i.ytimg.com/vi/C40jmw_bc44/maxresdefault.jpg","29/08/2020"
"261","Preparados","Mini Cooper Armada",64.578,"https://www.youtube.com/watch?v=OhbTz1K8TE4","10/12/2018",0.2,173219,15235,81,"https://i.ytimg.com/vi/OhbTz1K8TE4/maxresdefault.jpg","29/08/2020"
"262","Preparados","Volkswagen Golf GTI Armada",64.692,"https://www.youtube.com/watch?v=FTb_Wl1VNmY","27/11/2017",0.2,783097,31943,321,"https://i.ytimg.com/vi/FTb_Wl1VNmY/maxresdefault.jpg","29/08/2020"
"263","Preparados","Volkswagen Golf GTI do VHD",64.713,"https://www.youtube.com/watch?v=BXFqzhi067w","25/03/2019",0.2,205692,19316,179,"https://i.ytimg.com/vi/BXFqzhi067w/maxresdefault.jpg","29/08/2020"
"264","Preparados","VW Gol do Murta",65.352,"https://www.youtube.com/watch?v=hHSTwUUtN8Q","1/05/2017",0.2,1233859,55153,543,"https://i.ytimg.com/vi/hHSTwUUtN8Q/maxresdefault.jpg","29/08/2020"
"265","Preparados","Citroën DS3 Track Day",65.911,"https://www.youtube.com/watch?v=OhbTz1K8TE4","10/12/2018",0.2,173219,15235,81,"https://i.ytimg.com/vi/OhbTz1K8TE4/maxresdefault.jpg","29/08/2020"
"266","Preparados","Volkswagen Golf GTI Oettinger",66.22,"https://www.youtube.com/watch?v=bQtWk0qt2SE","19/09/2016",0.38,783335,23326,363,"https://i.ytimg.com/vi/bQtWk0qt2SE/maxresdefault.jpg","29/08/2020"
"267","Preparados","Formula Vee",66.503,"https://www.youtube.com/watch?v=_4wifJ6NEnk","3/07/2017",0.38,868343,49018,257,"https://i.ytimg.com/vi/_4wifJ6NEnk/maxresdefault.jpg","29/08/2020"
"268","Preparados","BMW 320i Stage 2 by Stradale",66.517,"https://www.youtube.com/watch?v=dBxTeaxkf90","8/04/2019",0.2,163007,16427,79,"https://i.ytimg.com/vi/dBxTeaxkf90/maxresdefault.jpg","29/08/2020"
"269","Preparados","Honda Civic Si Stage 1 by Stradale",66.92,"https://www.youtube.com/watch?v=TM5w418oTh4","1/04/2019",0.2,185484,18609,150,"https://i.ytimg.com/vi/TM5w418oTh4/maxresdefault.jpg","29/08/2020"
"270","Preparados","Opala Old Stock",67.415,"https://www.youtube.com/watch?v=oojhh_ZaU5s","27/08/2018",0.2,262758,28192,110,"https://i.ytimg.com/vi/oojhh_ZaU5s/maxresdefault.jpg","29/08/2020"
"271","Preparados","BMW M4 “Calanguejo”",67.515,"https://www.youtube.com/watch?v=Y1UCe-BRLWg","30/07/2018",0.25,542886,31900,214,"https://i.ytimg.com/vi/Y1UCe-BRLWg/maxresdefault.jpg","29/08/2020"
"272","Preparados","Gol GLR",70.948,"https://www.youtube.com/watch?v=WxW3GAvHWPY","11/05/2015",0.2,795569,22676,196,"https://i.ytimg.com/vi/WxW3GAvHWPY/maxresdefault.jpg","29/08/2020"
"273","Preparados","Volkswagen Polo TSI Stradale",71.144,"https://www.youtube.com/watch?v=RGRd38cnN9c","29/10/2018",0.2,358164,23976,96,"https://i.ytimg.com/vi/RGRd38cnN9c/maxresdefault.jpg","29/08/2020"
"274","Preparados","Volkswagen Up TSI Armada",71.432,"https://www.youtube.com/watch?v=1V8vUQ7P1jw","24/12/2018",0.2,318699,20638,192,"https://i.ytimg.com/vi/1V8vUQ7P1jw/maxresdefault.jpg","29/08/2020"
"275","Preparados","Fórmula SAE MR17",73.516,"https://www.youtube.com/watch?v=79S0_Zjj63I","5/11/2018",0.2,175438,15224,238,"https://i.ytimg.com/vi/79S0_Zjj63I/maxresdefault.jpg","29/08/2020"
"276","Preparados","Fórmula SAE MR17",73.516,"https://www.youtube.com/watch?v=79S0_Zjj63I","5/11/2018",0.5,175438,15224,238,"https://i.ytimg.com/vi/79S0_Zjj63I/maxresdefault.jpg","29/08/2020"
"277","Preparados","VW Golf GTi 1994 Reloaded",74.943,"https://www.youtube.com/watch?v=8uTCsrjEVec","29/04/2019",0.2,158617,16865,118,"https://i.ytimg.com/vi/8uTCsrjEVec/maxresdefault.jpg","29/08/2020"
"278","Preparados","Ford Mustang Eleanor 1968",75.566,"https://www.youtube.com/watch?v=bPkfmdyNXsU","16/01/2017",0.2,928388,36061,315,"https://i.ytimg.com/vi/bPkfmdyNXsU/maxresdefault.jpg","29/08/2020"
"279","Preparados","AceleCarro (Peugeot 306 Rallye 2001)",76.943,"https://www.youtube.com/watch?v=ynHST4IckCw","11/12/2017",0.2,162909,20928,129,"https://i.ytimg.com/vi/ynHST4IckCw/maxresdefault.jpg","29/08/2020"
"280","Preparados","Ford Escort “Cosworth”",78.694,"https://www.youtube.com/watch?v=IpZ7tvv58YU","9/10/2017",0.2,297794,19389,238,"https://i.ytimg.com/vi/IpZ7tvv58YU/maxresdefault.jpg","29/08/2020"
"281","Preparados","VW Kombi Last Edition (preparado)",90.253,"https://www.youtube.com/watch?v=qyrJOH0QH5E","26/10/2015",0.2,615435,19170,224,"https://i.ytimg.com/vi/qyrJOH0QH5E/maxresdefault.jpg","29/08/2020"
"282","Preparados","Delorean DMC-12",107.54,"https://www.youtube.com/watch?v=qyrJOH0QH5E","26/10/2015",0.2,615435,19170,224,"https://i.ytimg.com/vi/qyrJOH0QH5E/maxresdefault.jpg","29/08/2020"
"283","Motos","Honda CBR 1000 RR",54.697,"https://www.youtube.com/watch?v=MtR6kox6JpE","14/08/2017",0.2,479905,38917,189,"https://i.ytimg.com/vi/MtR6kox6JpE/maxresdefault.jpg","29/08/2020"
"284","Motos","Ducati Panigale SuperNaked",56.63,"https://www.youtube.com/watch?v=MneHyRmdLgw&t=611s","19/12/2016",11.55,303415,15725,109,"https://i.ytimg.com/vi/MneHyRmdLgw/maxresdefault.jpg","29/08/2020"
"285","Motos","Kawasaki Ninja H2R",57.06,"https://www.youtube.com/watch?v=83znhEEAJvI","15/08/2016",0.2,1737156,64483,540,"https://i.ytimg.com/vi/83znhEEAJvI/maxresdefault.jpg","29/08/2020"
"286","Motos","BMW S1000 R",59.581,"https://www.youtube.com/watch?v=6ORK9TXk03I","30/09/2014",0.2,275824,6018,20,"https://i.ytimg.com/vi/6ORK9TXk03I/maxresdefault.jpg","29/08/2020"
"287","Motos","Yamaha YZF-R1",60.326,"https://www.youtube.com/watch?v=c0lka_b3Xok","5/01/2015",0.2,258948,4993,38,"https://i.ytimg.com/vi/c0lka_b3Xok/maxresdefault.jpg","29/08/2020"
"288","Motos","BMW S 1000 XR",60.532,"https://www.youtube.com/watch?v=RLQlIqVmmU4","9/01/2017",0.25,1027228,28063,432,"https://i.ytimg.com/vi/RLQlIqVmmU4/maxresdefault.jpg","29/08/2020"
"289","Motos","Honda CBR 600RR",62.502,"https://www.youtube.com/watch?v=fLsf9eFA25E","21/10/2014",0.2,208447,4858,32,"https://i.ytimg.com/vi/fLsf9eFA25E/maxresdefault.jpg","29/08/2020"
"290","Motos","Ducati Multistrada",62.573,"https://www.youtube.com/watch?v=D0o7822NJTs","18/11/2014",0.25,199707,4220,33,"https://i.ytimg.com/vi/D0o7822NJTs/maxresdefault.jpg","29/08/2020"
"291","Motos","Ducati 1999 Panigale S Senna",63.062,"https://www.youtube.com/watch?v=swkVwGBwQe8","29/02/2016",0.2,879057,21450,215,"https://i.ytimg.com/vi/swkVwGBwQe8/maxresdefault.jpg","29/08/2020"
"292","Motos","Yamaha MT-09 Tracer",64.253,"https://www.youtube.com/watch?v=RLQlIqVmmU4","9/01/2017",0.25,1027228,28063,432,"https://i.ytimg.com/vi/RLQlIqVmmU4/maxresdefault.jpg","29/08/2020"
"293","Motos","Honda CBR 500R",67.965,"https://www.youtube.com/watch?v=9MJtJhzzTF8","27/04/2015",0.2,299247,4777,77,"https://i.ytimg.com/vi/9MJtJhzzTF8/maxresdefault.jpg","29/08/2020"
"294","Motos","Kawasaki Ninja 300",68.902,"https://www.youtube.com/watch?v=0AZEsMmB16Q","16/02/2015",0.25,196838,4440,48,"https://i.ytimg.com/vi/0AZEsMmB16Q/maxresdefault.jpg","29/08/2020"
"295","Motos","Triumph Bonneville Street Twin",70.411,"https://www.youtube.com/watch?v=Y75DzCeE2v8","26/09/2016",0.25,178879,6693,50,"https://i.ytimg.com/vi/Y75DzCeE2v8/maxresdefault.jpg","29/08/2020"
"296","Motos","Lady Luck",71.633,"https://www.youtube.com/watch?v=MneHyRmdLgw&t=611s","19/12/2016",11.55,303415,15725,109,"https://i.ytimg.com/vi/MneHyRmdLgw/maxresdefault.jpg","29/08/2020"
"297","Motos","Bendita Macchina Lusco-Fusco",83.252,"https://www.youtube.com/watch?v=MneHyRmdLgw&t=611s","19/12/2016",11.55,303415,15725,109,"https://i.ytimg.com/vi/MneHyRmdLgw/maxresdefault.jpg","29/08/2020"
"298","Motos","Yamaha Factor 150",93.402,"https://www.youtube.com/watch?v=yEwwah6K-9w","8/08/2016",24.13,1558094,40376,1159,"https://i.ytimg.com/vi/yEwwah6K-9w/maxresdefault.jpg","29/08/2020"
"299","Motos","Bendita Macchina Shodan",96.255,"https://www.youtube.com/watch?v=yEwwah6K-9w","8/08/2016",0.1,1558094,40376,1159,"https://i.ytimg.com/vi/yEwwah6K-9w/maxresdefault.jpg","29/08/2020"
"300","Motos","Honda ML 125 1983",100.449,"https://www.youtube.com/watch?v=yEwwah6K-9w","8/08/2016",24.13,1558094,40376,1159,"https://i.ytimg.com/vi/yEwwah6K-9w/maxresdefault.jpg","29/08/2020"
"301","SUVs","Porsche Cayenne Turbo",61.984,"https://www.youtube.com/watch?v=8JBgDnZQCYk","10/06/2019",0.2,201192,19268,97,"https://i.ytimg.com/vi/8JBgDnZQCYk/maxresdefault.jpg","29/08/2020"
"302","SUVs","Porsche Macan GTS",63.575,"https://www.youtube.com/watch?v=ajLY6fn9xKs","14/01/2019",0.2,142632,12154,69,"https://i.ytimg.com/vi/ajLY6fn9xKs/maxresdefault.jpg","29/08/2020"
"303","SUVs","Porsche Macan Turbo",64.811,"https://www.youtube.com/watch?v=erEAKLCYgLQ","16/03/2015",0.2,505099,12699,77,"https://i.ytimg.com/vi/erEAKLCYgLQ/maxresdefault.jpg","29/08/2020"
"304","SUVs","Porsche Cayenne",64.887,"https://www.youtube.com/watch?v=h1IhMUfcWwc","16/03/2020",0.2,217121,14959,149,"https://i.ytimg.com/vi/h1IhMUfcWwc/hqdefault.jpg","29/08/2020"
"305","SUVs","Audi S Q5",65.855,"https://www.youtube.com/watch?v=6GKUn3y2b2Q","2/03/2015",0.2,119728,3335,10,"https://i.ytimg.com/vi/6GKUn3y2b2Q/maxresdefault.jpg","29/08/2020"
"306","SUVs","Porsche Macan",65.933,"https://www.youtube.com/watch?v=KFo09mBuXG4","6/01/2020",0.38,160244,13446,78,"https://i.ytimg.com/vi/KFo09mBuXG4/maxresdefault.jpg","29/08/2020"
"307","SUVs","BMW X6 xDrive40i M Sport",66.324,"https://www.youtube.com/watch?v=_Lm0HGrQho8","27/07/2020",0.38,242214,22136,135,"https://i.ytimg.com/vi/_Lm0HGrQho8/hqdefault.jpg","29/08/2020"
"308","SUVs","Land Rover Range Rover SRV",66.902,"https://www.youtube.com/watch?v=HkZ8K34bbys","8/02/2016",0.2,493596,15627,113,"https://i.ytimg.com/vi/HkZ8K34bbys/maxresdefault.jpg","29/08/2020"
"309","SUVs","Ford Edge ST",68.157,"https://www.youtube.com/watch?v=KFo09mBuXG4","6/01/2020",0.2,160244,13446,78,"https://i.ytimg.com/vi/KFo09mBuXG4/maxresdefault.jpg","29/08/2020"
"310","SUVs","Audi Q8 Performance Black",68.361,"https://www.youtube.com/watch?v=_Lm0HGrQho8","27/07/2020",0.38,242214,22136,135,"https://i.ytimg.com/vi/_Lm0HGrQho8/hqdefault.jpg","29/08/2020"
"311","SUVs","BMW X5 xDrive30d",69.073,"https://www.youtube.com/watch?v=h1IhMUfcWwc","16/03/2020",0.2,217121,14959,149,"https://i.ytimg.com/vi/h1IhMUfcWwc/hqdefault.jpg","29/08/2020"
"312","SUVs","BMW X2",69.413,"https://www.youtube.com/watch?v=7KnyzJJxEwI","8/10/2018",0.25,220162,15653,411,"https://i.ytimg.com/vi/7KnyzJJxEwI/maxresdefault.jpg","29/08/2020"
"313","SUVs","Chevrolet Equinox",70.023,"https://www.youtube.com/watch?v=G8g7JWs5his","12/03/2018",0.1,249403,17048,139,"https://i.ytimg.com/vi/G8g7JWs5his/maxresdefault.jpg","29/08/2020"
"314","SUVs","Honda HR-V Touring",70.423,"https://www.youtube.com/watch?v=r5k9nRbQs3Q","28/10/2019",0.25,132465,12019,69,"https://i.ytimg.com/vi/r5k9nRbQs3Q/maxresdefault.jpg","29/08/2020"
"315","SUVs","Toyota RAV4 Hybrid",70.498,"https://www.youtube.com/watch?v=r5k9nRbQs3Q","28/10/2019",0.25,132465,12019,69,"https://i.ytimg.com/vi/r5k9nRbQs3Q/maxresdefault.jpg","29/08/2020"
"316","SUVs","Peugeot 2008 THP",71.063,"https://www.youtube.com/watch?v=dx2cY_MdjTs","16/11/2015",0.25,198611,4897,55,"https://i.ytimg.com/vi/dx2cY_MdjTs/maxresdefault.jpg","29/08/2020"
"317","SUVs","Volvo XC40 T4",71.147,"https://www.youtube.com/watch?v=r5k9nRbQs3Q","28/10/2019",0.25,132465,12019,69,"https://i.ytimg.com/vi/r5k9nRbQs3Q/maxresdefault.jpg","29/08/2020"
"318","SUVs","Jaguar E-Pace P300 R-Dynamic",71.879,"https://www.youtube.com/watch?v=jBoj2JchIsk","3/06/2019",0.25,109492,12721,391,"https://i.ytimg.com/vi/jBoj2JchIsk/maxresdefault.jpg","29/08/2020"
"319","SUVs","Volkswagen T-Cross Highline",72.463,"https://www.youtube.com/watch?v=X-aj4L1sVMU","17/08/2020",0.25,161151,12137,92,"https://i.ytimg.com/vi/X-aj4L1sVMU/hqdefault.jpg","29/08/2020"
"320","SUVs","Citroën C4 Cactus Shine",72.275,"https://www.youtube.com/watch?v=PIfVPZpF52U","12/11/2018",10.8,103921,8954,109,"https://i.ytimg.com/vi/PIfVPZpF52U/maxresdefault.jpg","29/08/2020"
"321","SUVs","Novo Peugeot 3008",73.213,"https://www.youtube.com/watch?v=gSHeVWzRftk","18/09/2017",0.25,235760,11716,135,"https://i.ytimg.com/vi/gSHeVWzRftk/maxresdefault.jpg","29/08/2020"
"322","SUVs","Peugeot 3008 2015",73.346,"https://www.youtube.com/watch?v=dx2cY_MdjTs","16/11/2015",0.25,198611,4897,55,"https://i.ytimg.com/vi/dx2cY_MdjTs/maxresdefault.jpg","29/08/2020"
"323","SUVs","Chevrolet Tracker Premier",73.662,"https://www.youtube.com/watch?v=X-aj4L1sVMU","17/08/2020",0.2,161157,12137,92,"https://i.ytimg.com/vi/X-aj4L1sVMU/hqdefault.jpg","29/08/2020"
"324","SUVs","Honda HR-V EXL",74.97,"https://www.youtube.com/watch?v=wYQNolIumxk","15/02/2016",0.2,910511,18811,378,"https://i.ytimg.com/vi/wYQNolIumxk/maxresdefault.jpg","29/08/2020"
"325","SUVs","Dodge Durango Limited",75.313,"https://www.youtube.com/watch?v=o1is4bSb7Hg","20/04/2015",0.2,147815,4847,21,"https://i.ytimg.com/vi/o1is4bSb7Hg/maxresdefault.jpg","29/08/2020"
"326","SUVs","Jeep Renegade Diesel",76.651,"https://www.youtube.com/watch?v=wYQNolIumxk","15/02/2016",0.2,910511,18811,378,"https://i.ytimg.com/vi/wYQNolIumxk/maxresdefault.jpg","29/08/2020"
"327","SUVs","Ford EcoSport 1.6 Powershift",78.383,"https://www.youtube.com/watch?v=wYQNolIumxk","15/02/2016",0.2,910511,18811,378,"https://i.ytimg.com/vi/wYQNolIumxk/maxresdefault.jpg","29/08/2020"
"328","SUVs","Renault Duster Iconic",79.005,"https://www.youtube.com/watch?v=7XWG-XWZJb4","10/08/2020",0.2,152057,9219,561,"https://i.ytimg.com/vi/7XWG-XWZJb4/hqdefault.jpg","29/08/2020"
